BORO,ratewt,boro_label
5,469.9490622,BRONX
47,375.1891211,BROOKLYN
61,325.5594547,MANHATTAN
81,517.0940042,QUEENS
85,422.8520841,STATEN ISLAND