BORO,ratewt,boro_label
5,529.9120313,BRONX
47,411.7746357,BROOKLYN
61,351.2955688,MANHATTAN
81,561.4704845,QUEENS
85,463.4245067,STATEN ISLAND