BORO,BORO_LABEL,cruderate,ageadjrate
005,BRONX,23.99020681,23.20852262
047,BROOKLYN,13.42934467,12.78295952
061,MANHATTAN,13.16561919,11.38470439
081,QUEENS,25.18125552,23.08787639
085,STATEN ISLAND,19.98048153,18.55000008