BORO,ratewt,boro_label
005,331.7720662,BRONX
047,262.4472866,BROOKLYN
061,249.3375607,MANHATTAN
081,346.523171,QUEENS
085,302.8063203,STATEN ISLAND