BORO,ratewt,boro_label
005,288.3035272,BRONX
047,226.0131521,BROOKLYN
061,218.7311682,MANHATTAN
081,299.5274474,QUEENS
085,262.4063405,STATEN ISLAND